x, y, z, t, confidence
1054.0, 1054.0, 14.0, 0.0, 0.0
268.0, 1054.0, 4.0, 0.0, 0.098636
0.0, 1052.0, 7.0, 0.0, 0.66141
0.0, 213.0, 15.0, 0.0, 0.7504
198.0, 1055.0, 13.0, 0.0, 0.87633
0.0, 557.0, 6.0, 0.0, 0.88595
175.0, 1055.0, 2.0, 0.0, 0.8876
132.0, 1054.0, 20.0, 0.0, 1.0242
519.0, 0.0, 11.0, 0.0, 1.4096
1055.0, 411.0, 6.0, 0.0, 1.5268
0.0, 464.0, 6.0, 0.0, 1.7008
493.0, 0.0, 11.0, 0.0, 1.9247
59.0, 1011.0, 20.0, 0.0, 2.0953
1055.0, 269.0, 26.0, 0.0, 2.2494
366.0, 32.0, 20.0, 0.0, 2.2804
102.0, 51.0, 29.0, 0.0, 2.34
59.0, 989.0, 15.0, 0.0, 2.697
171.0, 1055.0, 29.0, 0.0, 2.8322
40.0, 644.0, 17.0, 0.0, 2.8982
60.0, 122.0, 29.0, 0.0, 2.9665
48.0, 994.0, 4.0, 0.0, 3.0666
68.0, 451.0, 17.0, 0.0, 3.2045
0.0, 426.0, 15.0, 0.0, 3.2364
70.0, 331.0, 12.0, 0.0, 3.2802
79.0, 1025.0, 4.0, 0.0, 3.31
144.0, 972.0, 29.0, 0.0, 3.3615
83.0, 421.0, 29.0, 0.0, 3.391
100.0, 419.0, 4.0, 0.0, 3.3974
120.0, 91.0, 25.0, 0.0, 3.451
28.0, 519.0, 10.0, 0.0, 3.4594
130.0, 244.0, 29.0, 0.0, 3.5139
34.0, 689.0, 13.0, 0.0, 3.549
0.0, 928.0, 0.0, 0.0, 3.5706
666.0, 621.0, 5.0, 0.0, 3.5952
84.0, 649.0, 9.0, 0.0, 3.7309
333.0, 1054.0, 29.0, 0.0, 3.741
77.0, 213.0, 21.0, 0.0, 3.7556
210.0, 982.0, 25.0, 0.0, 3.7591
104.0, 1010.0, 29.0, 0.0, 3.7996
112.0, 898.0, 11.0, 0.0, 3.8145
201.0, 1033.0, 2.0, 0.0, 3.8524
84.0, 962.0, 29.0, 0.0, 3.9643
22.0, 576.0, 16.0, 0.0, 3.9819
104.0, 141.0, 29.0, 0.0, 4.0266
613.0, 594.0, 22.0, 0.0, 4.0348
241.0, 1024.0, 29.0, 0.0, 4.0656
166.0, 961.0, 24.0, 0.0, 4.0661
17.0, 986.0, 23.0, 0.0, 4.0672
193.0, 898.0, 7.0, 0.0, 4.0745
114.0, 328.0, 29.0, 0.0, 4.1608
65.0, 391.0, 9.0, 0.0, 4.196
644.0, 84.0, 29.0, 0.0, 4.2546
54.0, 452.0, 3.0, 0.0, 4.311
361.0, 1031.0, 22.0, 0.0, 4.3629
114.0, 834.0, 14.0, 0.0, 4.3794
998.0, 1038.0, 29.0, 0.0, 4.3975
56.0, 91.0, 25.0, 0.0, 4.4041
159.0, 478.0, 5.0, 0.0, 4.4135
151.0, 1012.0, 4.0, 0.0, 4.4143
65.0, 915.0, 24.0, 0.0, 4.4226
140.0, 216.0, 7.0, 0.0, 4.4279
533.0, 410.0, 29.0, 0.0, 4.4499
73.0, 274.0, 26.0, 0.0, 4.4601
614.0, 431.0, 28.0, 0.0, 4.5098
147.0, 359.0, 1.0, 0.0, 4.5495
203.0, 948.0, 15.0, 0.0, 4.5554
166.0, 911.0, 9.0, 0.0, 4.5613
250.0, 784.0, 29.0, 0.0, 4.611
112.0, 262.0, 21.0, 0.0, 4.6351
42.0, 786.0, 19.0, 0.0, 4.6608
622.0, 535.0, 22.0, 0.0, 4.7631
20.0, 974.0, 10.0, 0.0, 4.7888
98.0, 525.0, 7.0, 0.0, 4.8147
119.0, 445.0, 11.0, 0.0, 4.8302
179.0, 86.0, 29.0, 0.0, 4.8423
70.0, 378.0, 14.0, 0.0, 4.8518
514.0, 522.0, 5.0, 0.0, 4.855
216.0, 1013.0, 19.0, 0.0, 4.859
867.0, 790.0, 29.0, 0.0, 4.8717
15.0, 947.0, 25.0, 0.0, 4.8741
665.0, 670.0, 7.0, 0.0, 4.8963
192.0, 70.0, 20.0, 0.0, 4.9377
54.0, 822.0, 24.0, 0.0, 5.0149
589.0, 636.0, 25.0, 0.0, 5.0503
138.0, 927.0, 14.0, 0.0, 5.0917
115.0, 338.0, 15.0, 0.0, 5.1696
949.0, 938.0, 29.0, 0.0, 5.248
171.0, 309.0, 29.0, 0.0, 5.2564
675.0, 666.0, 13.0, 0.0, 5.2572
209.0, 1018.0, 12.0, 0.0, 5.2948
309.0, 977.0, 5.0, 0.0, 5.2982
574.0, 715.0, 12.0, 0.0, 5.3448
133.0, 557.0, 28.0, 0.0, 5.4057
130.0, 484.0, 11.0, 0.0, 5.4121
493.0, 918.0, 29.0, 0.0, 5.4235
142.0, 1030.0, 13.0, 0.0, 5.4306
0.0, 225.0, 5.0, 0.0, 5.4307
694.0, 516.0, 29.0, 0.0, 5.4522
142.0, 694.0, 24.0, 0.0, 5.5388
169.0, 423.0, 24.0, 0.0, 5.678
632.0, 398.0, 29.0, 0.0, 5.7324
487.0, 546.0, 4.0, 0.0, 5.7399
401.0, 897.0, 29.0, 0.0, 5.7879
195.0, 464.0, 24.0, 0.0, 5.7893
106.0, 380.0, 20.0, 0.0, 5.7994
522.0, 878.0, 29.0, 0.0, 5.8206
444.0, 553.0, 5.0, 0.0, 5.8941
164.0, 249.0, 24.0, 0.0, 5.9486
201.0, 759.0, 26.0, 0.0, 5.9585
555.0, 510.0, 5.0, 0.0, 6.0166
562.0, 638.0, 21.0, 0.0, 6.0445
465.0, 880.0, 29.0, 0.0, 6.0627
627.0, 431.0, 7.0, 0.0, 6.0917
585.0, 656.0, 16.0, 0.0, 6.1326
238.0, 882.0, 0.0, 0.0, 6.1782
153.0, 835.0, 12.0, 0.0, 6.2564
147.0, 143.0, 23.0, 0.0, 6.3415
376.0, 563.0, 7.0, 0.0, 6.3469
673.0, 497.0, 26.0, 0.0, 6.3717
269.0, 492.0, 27.0, 0.0, 6.4177
236.0, 1005.0, 7.0, 0.0, 6.4343
358.0, 499.0, 27.0, 0.0, 6.4775
255.0, 935.0, 14.0, 0.0, 6.4997
37.0, 881.0, 2.0, 0.0, 6.5008
425.0, 529.0, 29.0, 0.0, 6.5452
181.0, 547.0, 28.0, 0.0, 6.6193
328.0, 979.0, 10.0, 0.0, 6.6206
629.0, 313.0, 23.0, 0.0, 6.6325
627.0, 489.0, 20.0, 0.0, 6.6398
562.0, 496.0, 11.0, 0.0, 6.6534
535.0, 711.0, 6.0, 0.0, 6.7386
327.0, 683.0, 10.0, 0.0, 6.7628
387.0, 0.0, 15.0, 0.0, 6.7762
242.0, 310.0, 29.0, 0.0, 6.8006
216.0, 944.0, 21.0, 0.0, 6.8318
408.0, 679.0, 14.0, 0.0, 6.8817
126.0, 733.0, 20.0, 0.0, 7.0186
327.0, 373.0, 29.0, 0.0, 7.0186
88.0, 814.0, 15.0, 0.0, 7.0479
437.0, 571.0, 15.0, 0.0, 7.0922
484.0, 911.0, 26.0, 0.0, 7.1036
207.0, 200.0, 29.0, 0.0, 7.1238
326.0, 753.0, 29.0, 0.0, 7.1266
393.0, 719.0, 23.0, 0.0, 7.1568
629.0, 645.0, 16.0, 0.0, 7.1633
204.0, 507.0, 28.0, 0.0, 7.1954
372.0, 632.0, 26.0, 0.0, 7.2287
434.0, 668.0, 13.0, 0.0, 7.2478
710.0, 976.0, 28.0, 0.0, 7.2892
229.0, 620.0, 16.0, 0.0, 7.2987
0.0, 814.0, 19.0, 0.0, 7.3484
569.0, 852.0, 25.0, 0.0, 7.3588
166.0, 818.0, 27.0, 0.0, 7.5102
773.0, 962.0, 29.0, 0.0, 7.5682
458.0, 823.0, 29.0, 0.0, 7.5786
799.0, 658.0, 11.0, 0.0, 7.6028
404.0, 736.0, 29.0, 0.0, 7.6069
540.0, 823.0, 24.0, 0.0, 7.6252
215.0, 350.0, 29.0, 0.0, 7.6419
424.0, 797.0, 29.0, 0.0, 7.6726
336.0, 464.0, 27.0, 0.0, 7.8161
753.0, 469.0, 29.0, 0.0, 7.8318
349.0, 0.0, 19.0, 0.0, 8.0479
491.0, 949.0, 29.0, 0.0, 8.067
261.0, 1053.0, 12.0, 0.0, 8.0736
434.0, 719.0, 15.0, 0.0, 8.1223
445.0, 730.0, 29.0, 0.0, 8.1264
630.0, 799.0, 26.0, 0.0, 8.1961
1054.0, 596.0, 10.0, 0.0, 8.2155
361.0, 751.0, 28.0, 0.0, 8.2298
780.0, 802.0, 28.0, 0.0, 8.2509
255.0, 703.0, 29.0, 0.0, 8.3156
3.0, 873.0, 18.0, 0.0, 8.3334
732.0, 940.0, 28.0, 0.0, 8.3469
348.0, 776.0, 20.0, 0.0, 8.3576
314.0, 1053.0, 11.0, 0.0, 8.4937
359.0, 408.0, 29.0, 0.0, 8.512
303.0, 1052.0, 22.0, 0.0, 8.535
330.0, 1054.0, 14.0, 0.0, 8.7361
700.0, 126.0, 29.0, 0.0, 8.7512
631.0, 147.0, 29.0, 0.0, 8.7679
692.0, 473.0, 19.0, 0.0, 8.813
782.0, 866.0, 29.0, 0.0, 8.8303
314.0, 761.0, 20.0, 0.0, 8.848
732.0, 239.0, 29.0, 0.0, 8.8867
290.0, 766.0, 25.0, 0.0, 8.8928
394.0, 0.0, 24.0, 0.0, 8.9287
341.0, 498.0, 22.0, 0.0, 9.0691
757.0, 446.0, 17.0, 0.0, 9.1642
440.0, 2.0, 20.0, 0.0, 9.3283
758.0, 862.0, 25.0, 0.0, 9.4077
2.0, 715.0, 2.0, 0.0, 9.5362
1054.0, 291.0, 20.0, 0.0, 9.5495
703.0, 973.0, 24.0, 0.0, 9.5754
225.0, 562.0, 20.0, 0.0, 9.8088
320.0, 548.0, 16.0, 0.0, 10.3731
326.0, 946.0, 29.0, 0.0, 10.5417
729.0, 874.0, 29.0, 0.0, 10.6498
611.0, 254.0, 26.0, 0.0, 10.8594
487.0, 617.0, 4.0, 0.0, 10.868
767.0, 504.0, 16.0, 0.0, 10.919
485.0, 84.0, 28.0, 0.0, 10.9485
388.0, 308.0, 29.0, 0.0, 11.0932
384.0, 42.0, 29.0, 0.0, 11.111
170.0, 40.0, 29.0, 0.0, 11.1301
66.0, 562.0, 17.0, 0.0, 11.1963
0.0, 272.0, 0.0, 0.0, 11.2548
267.0, 589.0, 24.0, 0.0, 11.3143
589.0, 541.0, 5.0, 0.0, 11.3464
123.0, 85.0, 17.0, 0.0, 11.4008
929.0, 848.0, 0.0, 0.0, 11.4173
79.0, 625.0, 12.0, 0.0, 11.426
0.0, 957.0, 18.0, 0.0, 11.426
242.0, 595.0, 22.0, 0.0, 11.5047
0.0, 841.0, 10.0, 0.0, 11.5181
586.0, 496.0, 29.0, 0.0, 11.5237
26.0, 866.0, 26.0, 0.0, 11.6338
554.0, 244.0, 23.0, 0.0, 11.6671
370.0, 980.0, 29.0, 0.0, 11.7224
157.0, 50.0, 24.0, 0.0, 11.7734
33.0, 712.0, 9.0, 0.0, 11.8129
116.0, 241.0, 7.0, 0.0, 11.8283
148.0, 535.0, 7.0, 0.0, 11.8532
969.0, 283.0, 29.0, 0.0, 11.8979
174.0, 1029.0, 20.0, 0.0, 11.9006
428.0, 68.0, 26.0, 0.0, 11.963
63.0, 432.0, 9.0, 0.0, 12.0271
80.0, 964.0, 20.0, 0.0, 12.2101
452.0, 643.0, 5.0, 0.0, 12.2117
92.0, 409.0, 14.0, 0.0, 12.3419
436.0, 451.0, 29.0, 0.0, 12.3515
155.0, 322.0, 11.0, 0.0, 12.3523
155.0, 103.0, 14.0, 0.0, 12.4685
338.0, 1009.0, 14.0, 0.0, 12.4966
700.0, 538.0, 6.0, 0.0, 12.5053
83.0, 764.0, 6.0, 0.0, 12.5108
18.0, 963.0, 4.0, 0.0, 12.5429
591.0, 694.0, 29.0, 0.0, 12.6034
648.0, 533.0, 5.0, 0.0, 12.6367
644.0, 565.0, 17.0, 0.0, 12.6395
671.0, 592.0, 24.0, 0.0, 12.6605
432.0, 718.0, 7.0, 0.0, 12.6733
405.0, 0.0, 29.0, 0.0, 12.6744
647.0, 369.0, 9.0, 0.0, 12.7029
617.0, 519.0, 15.0, 0.0, 12.7395
860.0, 1009.0, 28.0, 0.0, 12.7613
264.0, 1007.0, 25.0, 0.0, 12.824
677.0, 518.0, 17.0, 0.0, 12.8476
110.0, 570.0, 11.0, 0.0, 12.9051
533.0, 506.0, 9.0, 0.0, 12.9152
420.0, 583.0, 29.0, 0.0, 12.9919
589.0, 694.0, 26.0, 0.0, 13.0222
126.0, 124.0, 12.0, 0.0, 13.0584
299.0, 865.0, 17.0, 0.0, 13.0863
686.0, 85.0, 24.0, 0.0, 13.0983
114.0, 926.0, 0.0, 0.0, 13.1134
101.0, 880.0, 22.0, 0.0, 13.1483
46.0, 929.0, 12.0, 0.0, 13.1723
621.0, 751.0, 29.0, 0.0, 13.1743
75.0, 155.0, 19.0, 0.0, 13.1768
171.0, 1018.0, 15.0, 0.0, 13.2039
551.0, 606.0, 13.0, 0.0, 13.2209
166.0, 915.0, 20.0, 0.0, 13.244
416.0, 588.0, 6.0, 0.0, 13.2736
694.0, 649.0, 7.0, 0.0, 13.3057
99.0, 195.0, 9.0, 0.0, 13.3276
387.0, 455.0, 29.0, 0.0, 13.3966
433.0, 844.0, 18.0, 0.0, 13.4282
205.0, 318.0, 13.0, 0.0, 13.4748
282.0, 993.0, 12.0, 0.0, 13.4983
297.0, 941.0, 4.0, 0.0, 13.5053
129.0, 442.0, 29.0, 0.0, 13.5302
311.0, 1024.0, 8.0, 0.0, 13.5894
997.0, 948.0, 29.0, 0.0, 13.6169
277.0, 975.0, 26.0, 0.0, 13.6175
128.0, 885.0, 16.0, 0.0, 13.6234
439.0, 930.0, 27.0, 0.0, 13.6543
704.0, 450.0, 29.0, 0.0, 13.668
77.0, 837.0, 20.0, 0.0, 13.6886
491.0, 587.0, 4.0, 0.0, 13.7337
633.0, 555.0, 5.0, 0.0, 13.7342
838.0, 0.0, 20.0, 0.0, 13.7421
103.0, 296.0, 17.0, 0.0, 13.786
427.0, 552.0, 20.0, 0.0, 13.794
422.0, 846.0, 29.0, 0.0, 13.813
277.0, 966.0, 1.0, 0.0, 13.8139
84.0, 773.0, 18.0, 0.0, 13.8244
115.0, 744.0, 12.0, 0.0, 13.8338
36.0, 806.0, 14.0, 0.0, 13.8349
997.0, 848.0, 25.0, 0.0, 13.8466
102.0, 789.0, 11.0, 0.0, 13.8537
127.0, 809.0, 29.0, 0.0, 13.8578
1025.0, 146.0, 2.0, 0.0, 13.8669
272.0, 985.0, 1.0, 0.0, 13.8982
106.0, 950.0, 6.0, 0.0, 13.9475
569.0, 688.0, 24.0, 0.0, 13.9499
366.0, 194.0, 29.0, 0.0, 13.9796
434.0, 492.0, 6.0, 0.0, 14.0124
475.0, 860.0, 19.0, 0.0, 14.0339
252.0, 534.0, 29.0, 0.0, 14.062
361.0, 596.0, 8.0, 0.0, 14.0655
439.0, 26.0, 27.0, 0.0, 14.0757
495.0, 484.0, 19.0, 0.0, 14.1018
471.0, 452.0, 23.0, 0.0, 14.1167
351.0, 981.0, 21.0, 0.0, 14.142
700.0, 493.0, 7.0, 0.0, 14.16
186.0, 150.0, 11.0, 0.0, 14.2796
187.0, 115.0, 19.0, 0.0, 14.2819
497.0, 684.0, 29.0, 0.0, 14.4067
150.0, 185.0, 25.0, 0.0, 14.4103
166.0, 244.0, 7.0, 0.0, 14.4332
160.0, 634.0, 15.0, 0.0, 14.4654
235.0, 840.0, 16.0, 0.0, 14.4765
11.0, 812.0, 3.0, 0.0, 14.4815
478.0, 501.0, 5.0, 0.0, 14.4869
74.0, 164.0, 13.0, 0.0, 14.4993
129.0, 193.0, 13.0, 0.0, 14.5009
352.0, 704.0, 19.0, 0.0, 14.5038
474.0, 707.0, 29.0, 0.0, 14.5044
136.0, 766.0, 6.0, 0.0, 14.5167
248.0, 808.0, 22.0, 0.0, 14.5287
459.0, 695.0, 13.0, 0.0, 14.5421
205.0, 253.0, 29.0, 0.0, 14.5496
698.0, 880.0, 13.0, 0.0, 14.5941
47.0, 863.0, 11.0, 0.0, 14.5961
123.0, 959.0, 0.0, 0.0, 14.607
345.0, 764.0, 13.0, 0.0, 14.6474
500.0, 816.0, 29.0, 0.0, 14.7514
782.0, 1052.0, 21.0, 0.0, 14.7768
138.0, 183.0, 9.0, 0.0, 14.7865
673.0, 802.0, 29.0, 0.0, 14.807
1055.0, 69.0, 0.0, 0.0, 14.8181
589.0, 615.0, 16.0, 0.0, 14.8626
397.0, 552.0, 25.0, 0.0, 14.8755
507.0, 639.0, 21.0, 0.0, 14.8777
146.0, 610.0, 17.0, 0.0, 14.918
818.0, 983.0, 25.0, 0.0, 14.9359
147.0, 972.0, 2.0, 0.0, 14.9426
148.0, 777.0, 21.0, 0.0, 14.9614
175.0, 196.0, 8.0, 0.0, 14.9756
504.0, 457.0, 5.0, 0.0, 15.0006
370.0, 551.0, 29.0, 0.0, 15.015
594.0, 685.0, 17.0, 0.0, 15.0496
464.0, 768.0, 25.0, 0.0, 15.0715
331.0, 290.0, 29.0, 0.0, 15.1028
426.0, 524.0, 14.0, 0.0, 15.1373
404.0, 541.0, 16.0, 0.0, 15.1444
572.0, 768.0, 29.0, 0.0, 15.1762
97.0, 845.0, 10.0, 0.0, 15.1826
328.0, 902.0, 22.0, 0.0, 15.1839
308.0, 563.0, 9.0, 0.0, 15.2768
493.0, 688.0, 17.0, 0.0, 15.3175
619.0, 675.0, 22.0, 0.0, 15.3217
676.0, 369.0, 26.0, 0.0, 15.3365
768.0, 56.0, 25.0, 0.0, 15.361
200.0, 823.0, 11.0, 0.0, 15.3743
709.0, 621.0, 13.0, 0.0, 15.3761
1002.0, 291.0, 24.0, 0.0, 15.4112
187.0, 697.0, 14.0, 0.0, 15.4128
315.0, 545.0, 22.0, 0.0, 15.4499
201.0, 773.0, 18.0, 0.0, 15.4503
236.0, 110.0, 25.0, 0.0, 15.4737
271.0, 528.0, 19.0, 0.0, 15.4803
404.0, 0.0, 5.0, 0.0, 15.4804
736.0, 786.0, 29.0, 0.0, 15.5816
246.0, 960.0, 5.0, 0.0, 15.6199
196.0, 805.0, 18.0, 0.0, 15.6916
760.0, 525.0, 29.0, 0.0, 15.7081
364.0, 620.0, 18.0, 0.0, 15.7149
297.0, 948.0, 15.0, 0.0, 15.7211
720.0, 466.0, 21.0, 0.0, 15.7234
407.0, 726.0, 15.0, 0.0, 15.8168
740.0, 741.0, 29.0, 0.0, 15.8504
441.0, 286.0, 29.0, 0.0, 15.882
271.0, 971.0, 9.0, 0.0, 15.9013
913.0, 720.0, 29.0, 0.0, 15.9076
525.0, 378.0, 29.0, 0.0, 15.9594
407.0, 436.0, 12.0, 0.0, 16.0044
583.0, 345.0, 21.0, 0.0, 16.0139
923.0, 408.0, 29.0, 0.0, 16.0553
693.0, 664.0, 29.0, 0.0, 16.0857
747.0, 1027.0, 24.0, 0.0, 16.0882
215.0, 602.0, 17.0, 0.0, 16.1248
601.0, 421.0, 7.0, 0.0, 16.1907
766.0, 638.0, 10.0, 0.0, 16.1922
1039.0, 878.0, 11.0, 0.0, 16.2016
371.0, 706.0, 29.0, 0.0, 16.2226
471.0, 609.0, 16.0, 0.0, 16.2402
739.0, 813.0, 17.0, 0.0, 16.245
771.0, 608.0, 9.0, 0.0, 16.2566
494.0, 174.0, 29.0, 0.0, 16.2645
243.0, 615.0, 11.0, 0.0, 16.2849
523.0, 269.0, 29.0, 0.0, 16.3147
631.0, 769.0, 24.0, 0.0, 16.3508
239.0, 1017.0, 0.0, 0.0, 16.3662
559.0, 143.0, 27.0, 0.0, 16.3845
465.0, 271.0, 29.0, 0.0, 16.3958
264.0, 436.0, 24.0, 0.0, 16.4371
585.0, 270.0, 29.0, 0.0, 16.4517
1.0, 687.0, 0.0, 0.0, 16.4786
193.0, 685.0, 29.0, 0.0, 16.5261
328.0, 406.0, 23.0, 0.0, 16.5777
448.0, 0.0, 15.0, 0.0, 16.6129
926.0, 1054.0, 22.0, 0.0, 16.6253
399.0, 635.0, 24.0, 0.0, 16.6257
800.0, 656.0, 17.0, 0.0, 16.6268
404.0, 428.0, 23.0, 0.0, 16.6272
562.0, 867.0, 15.0, 0.0, 16.6965
786.0, 0.0, 4.0, 0.0, 16.7093
1055.0, 934.0, 17.0, 0.0, 16.7421
335.0, 661.0, 23.0, 0.0, 16.7802
738.0, 662.0, 29.0, 0.0, 16.7851
961.0, 377.0, 25.0, 0.0, 16.7971
721.0, 496.0, 19.0, 0.0, 16.8085
663.0, 253.0, 29.0, 0.0, 16.8416
969.0, 549.0, 29.0, 0.0, 16.9252
740.0, 671.0, 10.0, 0.0, 16.9795
417.0, 752.0, 22.0, 0.0, 17.0227
769.0, 558.0, 29.0, 0.0, 17.0375
709.0, 223.0, 29.0, 0.0, 17.0449
304.0, 436.0, 20.0, 0.0, 17.1471
681.0, 933.0, 29.0, 0.0, 17.1746
418.0, 805.0, 14.0, 0.0, 17.2127
297.0, 659.0, 29.0, 0.0, 17.2656
0.0, 187.0, 5.0, 0.0, 17.2719
681.0, 1055.0, 23.0, 0.0, 17.2997
396.0, 807.0, 22.0, 0.0, 17.4136
604.0, 172.0, 29.0, 0.0, 17.436
520.0, 343.0, 23.0, 0.0, 17.4378
531.0, 387.0, 18.0, 0.0, 17.4656
727.0, 86.0, 11.0, 0.0, 17.5073
503.0, 0.0, 20.0, 0.0, 17.5554
178.0, 630.0, 20.0, 0.0, 17.5724
829.0, 758.0, 29.0, 0.0, 17.6053
722.0, 826.0, 22.0, 0.0, 17.627
186.0, 574.0, 21.0, 0.0, 17.7253
206.0, 624.0, 12.0, 0.0, 17.7429
790.0, 769.0, 24.0, 0.0, 17.767
544.0, 964.0, 29.0, 0.0, 17.857
675.0, 1006.0, 24.0, 0.0, 17.897
771.0, 463.0, 24.0, 0.0, 17.9658
785.0, 890.0, 19.0, 0.0, 18.0179
900.0, 1055.0, 23.0, 0.0, 18.0209
36.0, 839.0, 6.0, 0.0, 18.0693
579.0, 302.0, 24.0, 0.0, 18.1475
241.0, 643.0, 23.0, 0.0, 18.2491
671.0, 778.0, 19.0, 0.0, 18.2894
795.0, 953.0, 13.0, 0.0, 18.3062
267.0, 676.0, 23.0, 0.0, 18.4131
742.0, 706.0, 11.0, 0.0, 18.4403
1055.0, 263.0, 3.0, 0.0, 18.5323
362.0, 344.0, 29.0, 0.0, 18.6029
396.0, 776.0, 19.0, 0.0, 18.6352
488.0, 216.0, 29.0, 0.0, 18.6423
307.0, 670.0, 20.0, 0.0, 18.6425
794.0, 727.0, 29.0, 0.0, 18.668
835.0, 638.0, 29.0, 0.0, 18.7018
840.0, 590.0, 29.0, 0.0, 18.7152
478.0, 304.0, 24.0, 0.0, 18.757
470.0, 22.0, 0.0, 0.0, 18.8554
536.0, 556.0, 3.0, 0.0, 18.9488
842.0, 0.0, 29.0, 0.0, 18.9515
501.0, 784.0, 16.0, 0.0, 19.0441
431.0, 360.0, 14.0, 0.0, 19.0496
840.0, 471.0, 23.0, 0.0, 19.139
574.0, 965.0, 24.0, 0.0, 19.3315
390.0, 406.0, 19.0, 0.0, 19.5162
508.0, 754.0, 8.0, 0.0, 19.6585
105.0, 522.0, 15.0, 0.0, 19.7646
422.0, 874.0, 22.0, 0.0, 19.9689
853.0, 719.0, 26.0, 0.0, 20.1019
135.0, 867.0, 29.0, 0.0, 20.2032
571.0, 586.0, 16.0, 0.0, 20.3979
64.0, 590.0, 10.0, 0.0, 20.4743
116.0, 991.0, 15.0, 0.0, 20.5967
34.0, 924.0, 17.0, 0.0, 20.6848
380.0, 658.0, 8.0, 0.0, 20.6995
316.0, 898.0, 15.0, 0.0, 20.7835
351.0, 936.0, 24.0, 0.0, 20.823
465.0, 398.0, 29.0, 0.0, 20.8408
116.0, 655.0, 0.0, 0.0, 20.9706
59.0, 510.0, 0.0, 0.0, 20.9759
576.0, 378.0, 29.0, 0.0, 21.1604
339.0, 942.0, 15.0, 0.0, 21.2054
134.0, 922.0, 25.0, 0.0, 21.2104
591.0, 229.0, 22.0, 0.0, 21.2268
786.0, 0.0, 29.0, 0.0, 21.296
1006.0, 465.0, 29.0, 0.0, 21.354
149.0, 581.0, 3.0, 0.0, 21.4228
472.0, 512.0, 19.0, 0.0, 21.4509
377.0, 464.0, 8.0, 0.0, 21.458
325.0, 999.0, 24.0, 0.0, 21.492
130.0, 649.0, 20.0, 0.0, 21.4941
0.0, 522.0, 0.0, 0.0, 21.5099
550.0, 685.0, 15.0, 0.0, 21.5498
180.0, 257.0, 13.0, 0.0, 21.6319
81.0, 966.0, 0.0, 0.0, 21.6466
271.0, 689.0, 10.0, 0.0, 21.7414
528.0, 627.0, 4.0, 0.0, 21.8089
521.0, 794.0, 11.0, 0.0, 21.8676
619.0, 682.0, 6.0, 0.0, 21.8699
188.0, 503.0, 21.0, 0.0, 21.9067
259.0, 885.0, 12.0, 0.0, 21.9139
305.0, 130.0, 23.0, 0.0, 21.9261
568.0, 692.0, 5.0, 0.0, 21.929
646.0, 246.0, 24.0, 0.0, 21.931
916.0, 897.0, 25.0, 0.0, 21.9399
407.0, 625.0, 7.0, 0.0, 21.9664
426.0, 63.0, 18.0, 0.0, 21.9679
280.0, 893.0, 24.0, 0.0, 21.9705
557.0, 733.0, 7.0, 0.0, 21.9948
382.0, 28.0, 14.0, 0.0, 21.9977
0.0, 921.0, 9.0, 0.0, 22.0406
668.0, 723.0, 22.0, 0.0, 22.1288
653.0, 633.0, 12.0, 0.0, 22.1314
335.0, 799.0, 17.0, 0.0, 22.1456
248.0, 853.0, 23.0, 0.0, 22.171
308.0, 862.0, 25.0, 0.0, 22.1737
495.0, 588.0, 14.0, 0.0, 22.2313
857.0, 308.0, 27.0, 0.0, 22.2469
388.0, 817.0, 17.0, 0.0, 22.2617
147.0, 393.0, 29.0, 0.0, 22.2748
395.0, 440.0, 7.0, 0.0, 22.2758
167.0, 193.0, 19.0, 0.0, 22.3102
175.0, 286.0, 8.0, 0.0, 22.3453
952.0, 882.0, 29.0, 0.0, 22.3855
490.0, 453.0, 11.0, 0.0, 22.4086
366.0, 538.0, 19.0, 0.0, 22.4165
166.0, 346.0, 19.0, 0.0, 22.4178
482.0, 1028.0, 29.0, 0.0, 22.4451
545.0, 91.0, 29.0, 0.0, 22.4597
375.0, 768.0, 13.0, 0.0, 22.4707
192.0, 903.0, 17.0, 0.0, 22.4922
621.0, 354.0, 29.0, 0.0, 22.5318
258.0, 711.0, 11.0, 0.0, 22.566
305.0, 660.0, 9.0, 0.0, 22.5812
570.0, 444.0, 24.0, 0.0, 22.6077
205.0, 942.0, 7.0, 0.0, 22.6807
208.0, 526.0, 17.0, 0.0, 22.7099
642.0, 394.0, 8.0, 0.0, 22.713
291.0, 477.0, 13.0, 0.0, 22.7265
127.0, 159.0, 15.0, 0.0, 22.7477
115.0, 805.0, 21.0, 0.0, 22.7496
235.0, 481.0, 17.0, 0.0, 22.7872
155.0, 364.0, 17.0, 0.0, 22.8131
175.0, 144.0, 15.0, 0.0, 22.8572
532.0, 630.0, 16.0, 0.0, 22.8775
523.0, 481.0, 5.0, 0.0, 22.8871
792.0, 938.0, 21.0, 0.0, 22.9303
814.0, 491.0, 29.0, 0.0, 22.9504
700.0, 334.0, 29.0, 0.0, 22.981
1055.0, 404.0, 25.0, 0.0, 23.0196
838.0, 773.0, 21.0, 0.0, 23.0255
694.0, 484.0, 13.0, 0.0, 23.0273
264.0, 84.0, 23.0, 0.0, 23.0275
961.0, 318.0, 29.0, 0.0, 23.1447
604.0, 511.0, 6.0, 0.0, 23.2174
924.0, 356.0, 29.0, 0.0, 23.2228
639.0, 711.0, 18.0, 0.0, 23.2302
339.0, 826.0, 22.0, 0.0, 23.2323
690.0, 331.0, 23.0, 0.0, 23.2593
817.0, 874.0, 24.0, 0.0, 23.2636
357.0, 440.0, 21.0, 0.0, 23.2958
179.0, 719.0, 18.0, 0.0, 23.3378
291.0, 103.0, 25.0, 0.0, 23.4592
409.0, 596.0, 12.0, 0.0, 23.5077
250.0, 183.0, 29.0, 0.0, 23.5109
531.0, 318.0, 29.0, 0.0, 23.5164
693.0, 600.0, 17.0, 0.0, 23.639
1055.0, 373.0, 18.0, 0.0, 23.6989
610.0, 876.0, 29.0, 0.0, 23.7888
586.0, 42.0, 29.0, 0.0, 23.8252
731.0, 591.0, 29.0, 0.0, 23.8935
348.0, 672.0, 14.0, 0.0, 23.8953
442.0, 0.0, 0.0, 0.0, 23.9301
425.0, 191.0, 29.0, 0.0, 23.9374
142.0, 783.0, 14.0, 0.0, 23.9461
376.0, 719.0, 10.0, 0.0, 23.9728
790.0, 23.0, 7.0, 0.0, 24.0096
566.0, 387.0, 20.0, 0.0, 24.0242
0.0, 491.0, 0.0, 0.0, 24.0338
590.0, 471.0, 16.0, 0.0, 24.0575
446.0, 875.0, 21.0, 0.0, 24.1118
675.0, 803.0, 14.0, 0.0, 24.1426
646.0, 704.0, 25.0, 0.0, 24.147
1055.0, 505.0, 20.0, 0.0, 24.1569
1055.0, 488.0, 11.0, 0.0, 24.2151
277.0, 845.0, 19.0, 0.0, 24.2474
458.0, 88.0, 17.0, 0.0, 24.3327
813.0, 1055.0, 0.0, 0.0, 24.3664
873.0, 133.0, 29.0, 0.0, 24.3671
606.0, 723.0, 7.0, 0.0, 24.3964
26.0, 840.0, 0.0, 0.0, 24.4174
483.0, 1012.0, 25.0, 0.0, 24.4334
695.0, 559.0, 18.0, 0.0, 24.5183
674.0, 901.0, 11.0, 0.0, 24.541
620.0, 782.0, 17.0, 0.0, 24.5475
604.0, 469.0, 6.0, 0.0, 24.6406
979.0, 317.0, 23.0, 0.0, 24.6871
703.0, 709.0, 29.0, 0.0, 24.7331
717.0, 328.0, 17.0, 0.0, 24.736
230.0, 906.0, 4.0, 0.0, 24.7556
741.0, 71.0, 21.0, 0.0, 24.7807
311.0, 623.0, 15.0, 0.0, 24.7918
185.0, 361.0, 24.0, 0.0, 24.796
1003.0, 620.0, 29.0, 0.0, 24.797
472.0, 506.0, 14.0, 0.0, 24.8843
1054.0, 839.0, 24.0, 0.0, 24.9027
708.0, 420.0, 20.0, 0.0, 24.9081
484.0, 791.0, 11.0, 0.0, 24.9246
942.0, 357.0, 24.0, 0.0, 24.9298
316.0, 449.0, 12.0, 0.0, 24.9652
485.0, 734.0, 14.0, 0.0, 25.0146
1054.0, 23.0, 6.0, 0.0, 25.0171
681.0, 769.0, 25.0, 0.0, 25.0397
812.0, 537.0, 25.0, 0.0, 25.2312
685.0, 932.0, 20.0, 0.0, 25.2402
879.0, 337.0, 23.0, 0.0, 25.242
1001.0, 822.0, 14.0, 0.0, 25.3028
629.0, 954.0, 29.0, 0.0, 25.3262
799.0, 317.0, 29.0, 0.0, 25.457
842.0, 440.0, 29.0, 0.0, 25.4773
466.0, 757.0, 17.0, 0.0, 25.4845
289.0, 788.0, 18.0, 0.0, 25.4965
357.0, 581.0, 13.0, 0.0, 25.6545
541.0, 781.0, 10.0, 0.0, 25.6663
571.0, 1016.0, 29.0, 0.0, 25.6691
493.0, 360.0, 22.0, 0.0, 25.6926
587.0, 1054.0, 15.0, 0.0, 25.6966
960.0, 895.0, 18.0, 0.0, 25.7203
705.0, 712.0, 16.0, 0.0, 25.771
462.0, 361.0, 19.0, 0.0, 25.857
870.0, 493.0, 29.0, 0.0, 25.8894
929.0, 911.0, 13.0, 0.0, 25.8935
458.0, 315.0, 22.0, 0.0, 25.8972
141.0, 806.0, 7.0, 0.0, 25.9
281.0, 370.0, 20.0, 0.0, 25.9108
351.0, 453.0, 10.0, 0.0, 25.9266
423.0, 234.0, 29.0, 0.0, 26.179
605.0, 211.0, 29.0, 0.0, 26.2079
302.0, 185.0, 29.0, 0.0, 26.2198
898.0, 511.0, 22.0, 0.0, 26.2206
523.0, 1054.0, 20.0, 0.0, 26.2372
773.0, 491.0, 22.0, 0.0, 26.3232
286.0, 696.0, 17.0, 0.0, 26.3609
401.0, 557.0, 12.0, 0.0, 26.3817
364.0, 449.0, 14.0, 0.0, 26.5151
788.0, 700.0, 24.0, 0.0, 26.5753
551.0, 97.0, 23.0, 0.0, 26.5968
611.0, 393.0, 20.0, 0.0, 26.7002
778.0, 642.0, 29.0, 0.0, 26.7134
858.0, 188.0, 29.0, 0.0, 26.7612
367.0, 642.0, 14.0, 0.0, 26.8242
727.0, 674.0, 15.0, 0.0, 26.8478
1037.0, 660.0, 29.0, 0.0, 26.9985
802.0, 604.0, 29.0, 0.0, 27.0124
879.0, 435.0, 24.0, 0.0, 27.1195
603.0, 990.0, 24.0, 0.0, 27.1993
336.0, 481.0, 16.0, 0.0, 27.2026
217.0, 681.0, 18.0, 0.0, 27.2142
592.0, 817.0, 19.0, 0.0, 27.2778
1054.0, 1055.0, 25.0, 0.0, 27.3123
734.0, 587.0, 14.0, 0.0, 27.4252
385.0, 371.0, 25.0, 0.0, 27.4471
758.0, 706.0, 24.0, 0.0, 27.4834
1054.0, 959.0, 11.0, 0.0, 27.5109
681.0, 149.0, 23.0, 0.0, 27.5975
254.0, 231.0, 26.0, 0.0, 27.6143
238.0, 202.0, 18.0, 0.0, 27.6806
749.0, 74.0, 16.0, 0.0, 27.7206
229.0, 905.0, 29.0, 0.0, 27.7941
753.0, 644.0, 15.0, 0.0, 27.953
626.0, 991.0, 22.0, 0.0, 27.9911
680.0, 184.0, 27.0, 0.0, 28.0012
275.0, 633.0, 21.0, 0.0, 28.0093
405.0, 264.0, 24.0, 0.0, 28.07
749.0, 741.0, 19.0, 0.0, 28.2169
730.0, 192.0, 24.0, 0.0, 28.427
222.0, 55.0, 26.0, 0.0, 28.4466
584.0, 909.0, 25.0, 0.0, 28.4599
746.0, 563.0, 8.0, 0.0, 28.5478
683.0, 222.0, 22.0, 0.0, 28.5509
793.0, 532.0, 16.0, 0.0, 28.7023
586.0, 888.0, 19.0, 0.0, 28.7366
452.0, 336.0, 15.0, 0.0, 28.7742
794.0, 565.0, 22.0, 0.0, 28.9044
256.0, 979.0, 19.0, 0.0, 28.962
0.0, 765.0, 1.0, 0.0, 29.0525
612.0, 588.0, 4.0, 0.0, 29.0767
730.0, 433.0, 16.0, 0.0, 29.0942
746.0, 361.0, 18.0, 0.0, 29.1143
300.0, 939.0, 21.0, 0.0, 29.2363
158.0, 312.0, 17.0, 0.0, 29.2692
834.0, 276.0, 22.0, 0.0, 29.3095
559.0, 291.0, 12.0, 0.0, 29.4867
417.0, 682.0, 29.0, 0.0, 29.4879
896.0, 969.0, 29.0, 0.0, 29.4916
74.0, 245.0, 0.0, 0.0, 29.5491
463.0, 81.0, 9.0, 0.0, 29.8034
411.0, 634.0, 17.0, 0.0, 29.8489
1036.0, 571.0, 26.0, 0.0, 29.9158
214.0, 666.0, 12.0, 0.0, 29.9388
542.0, 8.0, 16.0, 0.0, 29.9728
788.0, 277.0, 23.0, 0.0, 29.9837
851.0, 633.0, 13.0, 0.0, 30.0304
75.0, 912.0, 5.0, 0.0, 30.1122
793.0, 641.0, 24.0, 0.0, 30.1351
221.0, 899.0, 23.0, 0.0, 30.1534
194.0, 132.0, 29.0, 0.0, 30.244
43.0, 730.0, 0.0, 0.0, 30.2911
275.0, 78.0, 29.0, 0.0, 30.6508
842.0, 513.0, 20.0, 0.0, 30.7488
764.0, 512.0, 9.0, 0.0, 30.7628
910.0, 878.0, 17.0, 0.0, 30.8076
724.0, 173.0, 19.0, 0.0, 30.8142
637.0, 170.0, 22.0, 0.0, 30.8329
1030.0, 603.0, 11.0, 0.0, 30.8531
524.0, 482.0, 15.0, 0.0, 30.8691
101.0, 582.0, 3.0, 0.0, 30.8706
225.0, 895.0, 17.0, 0.0, 30.9974
26.0, 244.0, 0.0, 0.0, 31.1344
478.0, 420.0, 6.0, 0.0, 31.1755
706.0, 603.0, 7.0, 0.0, 31.2467
411.0, 496.0, 22.0, 0.0, 31.2712
719.0, 393.0, 29.0, 0.0, 31.3703
204.0, 166.0, 21.0, 0.0, 31.3848
512.0, 1010.0, 29.0, 0.0, 31.3857
685.0, 830.0, 15.0, 0.0, 31.467
868.0, 877.0, 9.0, 0.0, 31.5047
736.0, 619.0, 8.0, 0.0, 31.5546
260.0, 866.0, 4.0, 0.0, 31.5652
660.0, 623.0, 18.0, 0.0, 31.5785
167.0, 395.0, 21.0, 0.0, 31.6086
1024.0, 313.0, 29.0, 0.0, 31.6631
730.0, 336.0, 11.0, 0.0, 31.6746
511.0, 533.0, 14.0, 0.0, 31.6923
750.0, 23.0, 23.0, 0.0, 31.7096
1019.0, 564.0, 9.0, 0.0, 31.7128
473.0, 650.0, 16.0, 0.0, 31.728
649.0, 725.0, 8.0, 0.0, 31.7388
841.0, 597.0, 19.0, 0.0, 31.7625
29.0, 576.0, 0.0, 0.0, 31.7889
439.0, 42.0, 5.0, 0.0, 31.9846
1002.0, 835.0, 20.0, 0.0, 32.0124
597.0, 755.0, 16.0, 0.0, 32.0279
273.0, 651.0, 15.0, 0.0, 32.0449
200.0, 854.0, 26.0, 0.0, 32.1308
952.0, 493.0, 29.0, 0.0, 32.1391
771.0, 195.0, 29.0, 0.0, 32.1786
74.0, 692.0, 3.0, 0.0, 32.1892
682.0, 574.0, 6.0, 0.0, 32.2175
276.0, 133.0, 29.0, 0.0, 32.2377
141.0, 843.0, 21.0, 0.0, 32.2997
260.0, 761.0, 16.0, 0.0, 32.3493
1037.0, 372.0, 17.0, 0.0, 32.3555
700.0, 642.0, 23.0, 0.0, 32.3965
586.0, 763.0, 9.0, 0.0, 32.4145
463.0, 983.0, 29.0, 0.0, 32.4623
0.0, 337.0, 0.0, 0.0, 32.4651
434.0, 696.0, 19.0, 0.0, 32.4752
390.0, 468.0, 18.0, 0.0, 32.4827
769.0, 838.0, 19.0, 0.0, 32.4973
262.0, 838.0, 10.0, 0.0, 32.5844
778.0, 695.0, 11.0, 0.0, 32.5902
437.0, 778.0, 12.0, 0.0, 32.6478
835.0, 919.0, 14.0, 0.0, 32.6905
753.0, 412.0, 23.0, 0.0, 32.7081
792.0, 435.0, 29.0, 0.0, 32.7273
811.0, 966.0, 18.0, 0.0, 32.7437
460.0, 819.0, 14.0, 0.0, 32.7561
205.0, 864.0, 5.0, 0.0, 32.7844
1004.0, 387.0, 29.0, 0.0, 32.7925
509.0, 387.0, 8.0, 0.0, 32.8015
629.0, 367.0, 23.0, 0.0, 32.8251
71.0, 830.0, 4.0, 0.0, 32.8538
128.0, 545.0, 0.0, 0.0, 32.8856
401.0, 485.0, 7.0, 0.0, 32.8999
641.0, 833.0, 14.0, 0.0, 32.9158
760.0, 928.0, 15.0, 0.0, 33.0223
207.0, 241.0, 9.0, 0.0, 33.0639
578.0, 16.0, 23.0, 0.0, 33.077
583.0, 783.0, 22.0, 0.0, 33.0944
749.0, 373.0, 24.0, 0.0, 33.1504
236.0, 552.0, 13.0, 0.0, 33.1922
495.0, 979.0, 20.0, 0.0, 33.1965
610.0, 398.0, 14.0, 0.0, 33.2165
782.0, 417.0, 19.0, 0.0, 33.228
600.0, 434.0, 13.0, 0.0, 33.2673
108.0, 780.0, 3.0, 0.0, 33.302
398.0, 682.0, 21.0, 0.0, 33.3052
966.0, 980.0, 13.0, 0.0, 33.342
329.0, 587.0, 19.0, 0.0, 33.3562
515.0, 749.0, 27.0, 0.0, 33.3572
316.0, 618.0, 26.0, 0.0, 33.4426
222.0, 318.0, 21.0, 0.0, 33.6341
707.0, 647.0, 20.0, 0.0, 33.6448
902.0, 223.0, 29.0, 0.0, 33.702
439.0, 406.0, 21.0, 0.0, 33.7612
502.0, 1016.0, 21.0, 0.0, 33.7635
1033.0, 529.0, 29.0, 0.0, 33.8381
521.0, 937.0, 17.0, 0.0, 33.8911
716.0, 684.0, 21.0, 0.0, 33.8986
820.0, 154.0, 29.0, 0.0, 33.911
862.0, 363.0, 21.0, 0.0, 33.941
939.0, 928.0, 21.0, 0.0, 33.9835
939.0, 1010.0, 13.0, 0.0, 34.0558
813.0, 16.0, 13.0, 0.0, 34.1445
856.0, 400.0, 21.0, 0.0, 34.2938
928.0, 433.0, 24.0, 0.0, 34.3578
857.0, 932.0, 21.0, 0.0, 34.3611
812.0, 381.0, 23.0, 0.0, 34.3801
566.0, 748.0, 19.0, 0.0, 34.4403
194.0, 910.0, 0.0, 0.0, 34.4441
916.0, 985.0, 13.0, 0.0, 34.5069
701.0, 858.0, 24.0, 0.0, 34.5159
597.0, 836.0, 14.0, 0.0, 34.5588
378.0, 266.0, 29.0, 0.0, 34.6057
1022.0, 470.0, 22.0, 0.0, 34.6488
617.0, 1028.0, 24.0, 0.0, 34.6596
552.0, 1055.0, 25.0, 0.0, 34.7068
717.0, 737.0, 24.0, 0.0, 34.7963
295.0, 604.0, 10.0, 0.0, 34.8362
535.0, 238.0, 17.0, 0.0, 34.8881
706.0, 935.0, 16.0, 0.0, 34.8913
360.0, 530.0, 14.0, 0.0, 34.928
464.0, 195.0, 24.0, 0.0, 34.962
810.0, 672.0, 25.0, 0.0, 34.9886
536.0, 902.0, 16.0, 0.0, 34.9936
216.0, 149.0, 17.0, 0.0, 35.1884
728.0, 394.0, 16.0, 0.0, 35.1892
468.0, 725.0, 20.0, 0.0, 35.2598
651.0, 388.0, 16.0, 0.0, 35.2808
895.0, 691.0, 19.0, 0.0, 35.3561
792.0, 803.0, 21.0, 0.0, 35.3659
388.0, 222.0, 23.0, 0.0, 35.3876
300.0, 518.0, 11.0, 0.0, 35.4106
173.0, 837.0, 5.0, 0.0, 35.4179
718.0, 909.0, 13.0, 0.0, 35.5262
498.0, 345.0, 9.0, 0.0, 35.7391
692.0, 280.0, 26.0, 0.0, 35.7519
657.0, 958.0, 21.0, 0.0, 35.821
1036.0, 504.0, 20.0, 0.0, 35.9086
809.0, 260.0, 26.0, 0.0, 35.9464
654.0, 755.0, 17.0, 0.0, 35.9529
791.0, 598.0, 16.0, 0.0, 35.9541
940.0, 1055.0, 5.0, 0.0, 35.9932
564.0, 1000.0, 14.0, 0.0, 36.029
869.0, 682.0, 26.0, 0.0, 36.0864
601.0, 977.0, 11.0, 0.0, 36.0907
662.0, 319.0, 17.0, 0.0, 36.25
811.0, 772.0, 18.0, 0.0, 36.3819
770.0, 775.0, 17.0, 0.0, 36.4243
913.0, 701.0, 23.0, 0.0, 36.5107
535.0, 291.0, 19.0, 0.0, 36.5282
793.0, 742.0, 21.0, 0.0, 36.7298
740.0, 883.0, 16.0, 0.0, 36.952
628.0, 1055.0, 19.0, 0.0, 37.1106
708.0, 794.0, 16.0, 0.0, 37.1908
513.0, 665.0, 4.0, 0.0, 37.4605
770.0, 276.0, 16.0, 0.0, 37.4836
40.0, 657.0, 0.0, 0.0, 37.7252
813.0, 442.0, 22.0, 0.0, 37.8556
823.0, 565.0, 18.0, 0.0, 38.0146
1023.0, 888.0, 24.0, 0.0, 38.0485
688.0, 269.0, 22.0, 0.0, 38.0956
438.0, 271.0, 21.0, 0.0, 38.145
239.0, 800.0, 14.0, 0.0, 38.3016
489.0, 695.0, 5.0, 0.0, 38.4201
987.0, 1009.0, 16.0, 0.0, 38.5665
162.0, 228.0, 17.0, 0.0, 38.7068
653.0, 470.0, 6.0, 0.0, 38.8447
195.0, 196.0, 13.0, 0.0, 38.9936
174.0, 536.0, 0.0, 0.0, 38.9965
417.0, 47.0, 10.0, 0.0, 39.0455
457.0, 756.0, 9.0, 0.0, 39.1284
952.0, 974.0, 24.0, 0.0, 39.259
872.0, 629.0, 22.0, 0.0, 39.6119
173.0, 566.0, 16.0, 0.0, 39.7141
705.0, 70.0, 0.0, 0.0, 39.7928
177.0, 762.0, 12.0, 0.0, 39.856
78.0, 629.0, 0.0, 0.0, 40.0533
235.0, 267.0, 12.0, 0.0, 40.1123
888.0, 896.0, 17.0, 0.0, 40.1444
153.0, 396.0, 3.0, 0.0, 40.1628
0.0, 380.0, 0.0, 0.0, 40.1708
681.0, 37.0, 25.0, 0.0, 40.2177
696.0, 726.0, 10.0, 0.0, 40.2392
771.0, 436.0, 11.0, 0.0, 40.3559
463.0, 393.0, 6.0, 0.0, 40.3649
30.0, 213.0, 0.0, 0.0, 40.4298
987.0, 938.0, 20.0, 0.0, 40.4322
408.0, 535.0, 6.0, 0.0, 40.5189
572.0, 984.0, 19.0, 0.0, 40.6104
1054.0, 618.0, 24.0, 0.0, 40.685
438.0, 33.0, 13.0, 0.0, 40.7896
950.0, 845.0, 16.0, 0.0, 40.8066
979.0, 648.0, 29.0, 0.0, 40.8233
567.0, 452.0, 6.0, 0.0, 40.8475
631.0, 808.0, 12.0, 0.0, 40.8629
331.0, 729.0, 11.0, 0.0, 40.8829
542.0, 336.0, 15.0, 0.0, 40.9281
789.0, 1002.0, 16.0, 0.0, 40.9707
690.0, 693.0, 9.0, 0.0, 41.1491
654.0, 335.0, 11.0, 0.0, 41.2106
733.0, 474.0, 9.0, 0.0, 41.2187
927.0, 1008.0, 26.0, 0.0, 41.2757
235.0, 357.0, 19.0, 0.0, 41.2845
617.0, 106.0, 22.0, 0.0, 41.3106
431.0, 769.0, 16.0, 0.0, 41.3893
264.0, 436.0, 17.0, 0.0, 41.4161
691.0, 771.0, 12.0, 0.0, 41.6132
230.0, 238.0, 18.0, 0.0, 41.6154
329.0, 170.0, 25.0, 0.0, 41.6284
746.0, 613.0, 19.0, 0.0, 41.6477
841.0, 1000.0, 10.0, 0.0, 41.7168
1022.0, 391.0, 11.0, 0.0, 41.7992
457.0, 344.0, 8.0, 0.0, 41.8953
386.0, 845.0, 21.0, 0.0, 41.8957
938.0, 552.0, 24.0, 0.0, 41.9501
127.0, 421.0, 0.0, 0.0, 41.9754
513.0, 752.0, 20.0, 0.0, 42.2805
673.0, 295.0, 17.0, 0.0, 42.2928
684.0, 417.0, 14.0, 0.0, 42.2955
507.0, 293.0, 13.0, 0.0, 42.3267
458.0, 303.0, 11.0, 0.0, 42.3865
728.0, 423.0, 10.0, 0.0, 42.4354
505.0, 371.0, 14.0, 0.0, 42.5213
530.0, 414.0, 12.0, 0.0, 42.5304
797.0, 516.0, 10.0, 0.0, 42.5311
418.0, 326.0, 10.0, 0.0, 42.5653
785.0, 45.0, 12.0, 0.0, 42.6124
336.0, 629.0, 9.0, 0.0, 42.6269
35.0, 692.0, 0.0, 0.0, 42.6467
893.0, 184.0, 29.0, 0.0, 42.663
1010.0, 352.0, 15.0, 0.0, 42.6644
821.0, 977.0, 10.0, 0.0, 42.6773
343.0, 541.0, 9.0, 0.0, 42.6827
263.0, 163.0, 15.0, 0.0, 42.8653
378.0, 503.0, 13.0, 0.0, 42.9466
531.0, 424.0, 7.0, 0.0, 43.0321
214.0, 283.0, 17.0, 0.0, 43.0598
224.0, 729.0, 15.0, 0.0, 43.1562
625.0, 904.0, 11.0, 0.0, 43.1801
749.0, 539.0, 20.0, 0.0, 43.2157
797.0, 467.0, 18.0, 0.0, 43.2225
652.0, 887.0, 22.0, 0.0, 43.4013
843.0, 266.0, 16.0, 0.0, 43.4607
949.0, 874.0, 11.0, 0.0, 43.466
1032.0, 542.0, 19.0, 0.0, 43.4704
622.0, 295.0, 12.0, 0.0, 43.4729
737.0, 480.0, 15.0, 0.0, 43.5563
550.0, 822.0, 13.0, 0.0, 43.5873
539.0, 362.0, 8.0, 0.0, 43.5897
761.0, 661.0, 21.0, 0.0, 43.6324
697.0, 364.0, 16.0, 0.0, 43.7869
1010.0, 497.0, 14.0, 0.0, 43.8338
674.0, 971.0, 15.0, 0.0, 43.8588
633.0, 17.0, 20.0, 0.0, 43.8741
877.0, 209.0, 21.0, 0.0, 43.9233
659.0, 273.0, 12.0, 0.0, 43.9248
505.0, 292.0, 18.0, 0.0, 43.9827
507.0, 834.0, 15.0, 0.0, 44.0495
407.0, 330.0, 22.0, 0.0, 44.087
958.0, 604.0, 25.0, 0.0, 44.2098
631.0, 0.0, 29.0, 0.0, 44.2889
880.0, 650.0, 24.0, 0.0, 44.3089
369.0, 512.0, 8.0, 0.0, 44.4022
833.0, 215.0, 21.0, 0.0, 44.4262
496.0, 331.0, 16.0, 0.0, 44.5737
261.0, 720.0, 19.0, 0.0, 44.6283
712.0, 904.0, 18.0, 0.0, 44.6803
769.0, 1035.0, 14.0, 0.0, 44.6834
893.0, 613.0, 29.0, 0.0, 44.7028
901.0, 540.0, 21.0, 0.0, 44.9094
178.0, 836.0, 0.0, 0.0, 45.0863
681.0, 103.0, 12.0, 0.0, 45.1606
439.0, 442.0, 5.0, 0.0, 45.4139
850.0, 659.0, 20.0, 0.0, 45.425
786.0, 558.0, 10.0, 0.0, 45.4305
670.0, 448.0, 7.0, 0.0, 45.4385
551.0, 1014.0, 22.0, 0.0, 45.481
425.0, 246.0, 17.0, 0.0, 45.7549
708.0, 766.0, 19.0, 0.0, 45.779
657.0, 895.0, 17.0, 0.0, 45.8215
308.0, 336.0, 19.0, 0.0, 45.9289
1053.0, 540.0, 12.0, 0.0, 45.9559
836.0, 606.0, 12.0, 0.0, 46.0024
877.0, 306.0, 22.0, 0.0, 46.0378
1027.0, 90.0, 5.0, 0.0, 46.1384
532.0, 975.0, 22.0, 0.0, 46.1632
980.0, 477.0, 19.0, 0.0, 46.1745
585.0, 1029.0, 20.0, 0.0, 46.1937
780.0, 744.0, 14.0, 0.0, 46.3997
720.0, 185.0, 12.0, 0.0, 46.4376
607.0, 953.0, 16.0, 0.0, 46.7489
211.0, 106.0, 15.0, 0.0, 46.8937
735.0, 764.0, 13.0, 0.0, 46.9634
1026.0, 35.0, 7.0, 0.0, 46.9985
597.0, 261.0, 14.0, 0.0, 47.0827
1055.0, 913.0, 8.0, 0.0, 47.2966
94.0, 858.0, 0.0, 0.0, 47.3189
955.0, 862.0, 21.0, 0.0, 47.3344
660.0, 448.0, 16.0, 0.0, 47.4212
811.0, 508.0, 18.0, 0.0, 47.4859
181.0, 856.0, 19.0, 0.0, 47.742
827.0, 1055.0, 21.0, 0.0, 47.8878
799.0, 308.0, 20.0, 0.0, 47.9226
446.0, 454.0, 17.0, 0.0, 48.0088
607.0, 0.0, 6.0, 0.0, 48.1404
52.0, 297.0, 1.0, 0.0, 48.1747
532.0, 265.0, 15.0, 0.0, 48.1877
1027.0, 1005.0, 25.0, 0.0, 48.2264
334.0, 490.0, 9.0, 0.0, 48.3497
783.0, 373.0, 15.0, 0.0, 48.4069
1027.0, 333.0, 22.0, 0.0, 48.494
79.0, 340.0, 2.0, 0.0, 48.6087
581.0, 195.0, 18.0, 0.0, 48.6293
447.0, 281.0, 13.0, 0.0, 48.6496
185.0, 783.0, 5.0, 0.0, 48.8674
842.0, 104.0, 29.0, 0.0, 49.1174
1009.0, 955.0, 16.0, 0.0, 49.1344
591.0, 153.0, 21.0, 0.0, 49.1554
594.0, 24.0, 15.0, 0.0, 49.1656
712.0, 125.0, 17.0, 0.0, 49.3412
857.0, 431.0, 19.0, 0.0, 49.4274
203.0, 947.0, 0.0, 0.0, 49.6006
547.0, 445.0, 12.0, 0.0, 49.6222
134.0, 623.0, 0.0, 0.0, 49.6386
493.0, 418.0, 17.0, 0.0, 49.8957
101.0, 279.0, 0.0, 0.0, 49.9846
550.0, 788.0, 16.0, 0.0, 50.0227
546.0, 320.0, 10.0, 0.0, 50.0602
693.0, 946.0, 10.0, 0.0, 50.1752
468.0, 16.0, 7.0, 0.0, 50.1994
824.0, 1054.0, 18.0, 0.0, 50.3262
875.0, 559.0, 29.0, 0.0, 50.3626
845.0, 326.0, 18.0, 0.0, 50.3674
610.0, 368.0, 8.0, 0.0, 50.5763
773.0, 247.0, 11.0, 0.0, 50.7705
858.0, 154.0, 21.0, 0.0, 50.8707
852.0, 988.0, 19.0, 0.0, 51.1212
876.0, 962.0, 15.0, 0.0, 51.1832
175.0, 436.0, 0.0, 0.0, 51.2365
738.0, 272.0, 21.0, 0.0, 51.2611
273.0, 582.0, 11.0, 0.0, 51.3001
290.0, 155.0, 19.0, 0.0, 51.469
721.0, 296.0, 11.0, 0.0, 51.5399
940.0, 949.0, 13.0, 0.0, 51.7617
0.0, 876.0, 5.0, 0.0, 51.8642
724.0, 847.0, 16.0, 0.0, 51.8673
487.0, 248.0, 16.0, 0.0, 51.8724
983.0, 502.0, 11.0, 0.0, 51.9516
678.0, 46.0, 21.0, 0.0, 52.0568
928.0, 674.0, 26.0, 0.0, 52.2018
613.0, 875.0, 13.0, 0.0, 52.2489
46.0, 373.0, 0.0, 0.0, 52.4577
545.0, 202.0, 20.0, 0.0, 52.4824
521.0, 863.0, 17.0, 0.0, 52.4833
630.0, 28.0, 12.0, 0.0, 52.5002
889.0, 932.0, 13.0, 0.0, 52.5713
904.0, 590.0, 18.0, 0.0, 52.6053
990.0, 571.0, 25.0, 0.0, 52.6306
718.0, 277.0, 16.0, 0.0, 52.9177
728.0, 39.0, 18.0, 0.0, 53.0629
615.0, 896.0, 17.0, 0.0, 53.0788
733.0, 246.0, 15.0, 0.0, 53.1005
868.0, 658.0, 15.0, 0.0, 53.1556
548.0, 0.0, 0.0, 0.0, 53.2257
500.0, 227.0, 19.0, 0.0, 53.2377
315.0, 229.0, 21.0, 0.0, 53.3299
328.0, 312.0, 18.0, 0.0, 53.5141
608.0, 938.0, 22.0, 0.0, 53.8167
760.0, 316.0, 18.0, 0.0, 53.9075
871.0, 568.0, 24.0, 0.0, 53.9243
1031.0, 845.0, 10.0, 0.0, 54.1747
970.0, 523.0, 23.0, 0.0, 54.7054
1054.0, 946.0, 25.0, 0.0, 54.727
98.0, 383.0, 0.0, 0.0, 54.7892
1054.0, 702.0, 29.0, 0.0, 55.1624
906.0, 953.0, 4.0, 0.0, 55.431
108.0, 310.0, 4.0, 0.0, 55.6757
1015.0, 961.0, 6.0, 0.0, 55.8449
118.0, 468.0, 0.0, 0.0, 56.0166
645.0, 71.0, 11.0, 0.0, 56.0194
637.0, 245.0, 13.0, 0.0, 56.1167
52.0, 416.0, 0.0, 0.0, 56.1392
482.0, 49.0, 18.0, 0.0, 56.2807
764.0, 196.0, 12.0, 0.0, 56.3368
607.0, 62.0, 24.0, 0.0, 56.3622
644.0, 768.0, 10.0, 0.0, 56.3802
897.0, 961.0, 19.0, 0.0, 56.5473
1030.0, 583.0, 18.0, 0.0, 56.8047
1054.0, 120.0, 0.0, 0.0, 57.0352
1027.0, 436.0, 13.0, 0.0, 57.2684
262.0, 120.0, 18.0, 0.0, 57.2848
895.0, 299.0, 29.0, 0.0, 57.7849
394.0, 371.0, 9.0, 0.0, 58.0683
572.0, 917.0, 13.0, 0.0, 58.3073
293.0, 897.0, 7.0, 0.0, 58.3242
598.0, 321.0, 11.0, 0.0, 58.4262
659.0, 102.0, 16.0, 0.0, 58.5212
1011.0, 667.0, 24.0, 0.0, 58.8236
699.0, 392.0, 10.0, 0.0, 58.987
566.0, 236.0, 16.0, 0.0, 59.0286
993.0, 918.0, 13.0, 0.0, 59.031
566.0, 394.0, 7.0, 0.0, 59.0449
696.0, 251.0, 10.0, 0.0, 59.2668
753.0, 399.0, 12.0, 0.0, 59.4692
494.0, 12.0, 3.0, 0.0, 59.5973
721.0, 221.0, 10.0, 0.0, 59.6813
326.0, 413.0, 12.0, 0.0, 59.6884
638.0, 67.0, 17.0, 0.0, 59.7
58.0, 800.0, 2.0, 0.0, 59.7923
612.0, 342.0, 16.0, 0.0, 60.0748
369.0, 308.0, 14.0, 0.0, 60.0992
880.0, 1055.0, 16.0, 0.0, 60.319
375.0, 362.0, 17.0, 0.0, 60.887
825.0, 382.0, 17.0, 0.0, 60.9824
823.0, 520.0, 12.0, 0.0, 61.0484
1055.0, 823.0, 16.0, 0.0, 61.2793
819.0, 444.0, 15.0, 0.0, 61.2981
878.0, 747.0, 24.0, 0.0, 61.394
907.0, 657.0, 19.0, 0.0, 61.4177
702.0, 31.0, 5.0, 0.0, 61.7515
942.0, 824.0, 7.0, 0.0, 61.7988
426.0, 220.0, 21.0, 0.0, 62.0428
668.0, 245.0, 16.0, 0.0, 62.3458
658.0, 23.0, 13.0, 0.0, 62.4585
1055.0, 1025.0, 5.0, 0.0, 62.6031
800.0, 299.0, 14.0, 0.0, 62.7773
695.0, 0.0, 21.0, 0.0, 63.1812
589.0, 278.0, 18.0, 0.0, 63.2007
775.0, 0.0, 17.0, 0.0, 63.3436
817.0, 724.0, 15.0, 0.0, 63.4751
361.0, 320.0, 22.0, 0.0, 63.5379
1021.0, 877.0, 18.0, 0.0, 63.7785
854.0, 222.0, 18.0, 0.0, 64.1435
696.0, 21.0, 0.0, 0.0, 64.1717
227.0, 197.0, 10.0, 0.0, 64.2238
995.0, 1055.0, 16.0, 0.0, 64.2452
998.0, 1055.0, 7.0, 0.0, 64.4002
870.0, 255.0, 20.0, 0.0, 64.5047
262.0, 916.0, 0.0, 0.0, 64.5996
624.0, 268.0, 19.0, 0.0, 64.6312
931.0, 1055.0, 12.0, 0.0, 64.6406
707.0, 0.0, 12.0, 0.0, 64.652
705.0, 1054.0, 16.0, 0.0, 64.9159
820.0, 351.0, 17.0, 0.0, 64.9286
1054.0, 205.0, 5.0, 0.0, 64.982
796.0, 1054.0, 7.0, 0.0, 65.8507
301.0, 406.0, 15.0, 0.0, 66.0281
840.0, 184.0, 18.0, 0.0, 66.0955
544.0, 38.0, 0.0, 0.0, 66.746
770.0, 0.0, 12.0, 0.0, 66.8914
614.0, 174.0, 17.0, 0.0, 67.1271
504.0, 96.0, 20.0, 0.0, 67.2368
723.0, 972.0, 13.0, 0.0, 67.5102
849.0, 1055.0, 6.0, 0.0, 68.0079
350.0, 366.0, 12.0, 0.0, 68.4369
776.0, 969.0, 4.0, 0.0, 68.4669
649.0, 0.0, 5.0, 0.0, 68.5
649.0, 943.0, 12.0, 0.0, 68.6448
1008.0, 985.0, 22.0, 0.0, 68.8954
593.0, 109.0, 16.0, 0.0, 69.058
649.0, 107.0, 5.0, 0.0, 69.6202
735.0, 0.0, 6.0, 0.0, 69.8959
997.0, 812.0, 6.0, 0.0, 70.1464
848.0, 740.0, 18.0, 0.0, 70.1656
899.0, 849.0, 6.0, 0.0, 70.3743
872.0, 483.0, 19.0, 0.0, 70.4315
757.0, 1055.0, 4.0, 0.0, 71.4607
825.0, 303.0, 16.0, 0.0, 71.8587
796.0, 412.0, 14.0, 0.0, 71.8754
399.0, 277.0, 15.0, 0.0, 72.0393
892.0, 624.0, 17.0, 0.0, 72.0886
739.0, 32.0, 13.0, 0.0, 72.2767
806.0, 184.0, 14.0, 0.0, 72.8802
613.0, 216.0, 15.0, 0.0, 73.1096
686.0, 52.0, 5.0, 0.0, 73.1199
817.0, 967.0, 3.0, 0.0, 73.2647
789.0, 194.0, 19.0, 0.0, 73.3971
859.0, 698.0, 16.0, 0.0, 73.7047
681.0, 94.0, 6.0, 0.0, 73.9089
970.0, 365.0, 17.0, 0.0, 73.9465
498.0, 72.0, 0.0, 0.0, 73.985
1055.0, 941.0, 2.0, 0.0, 74.1524
488.0, 82.0, 5.0, 0.0, 74.5215
678.0, 181.0, 18.0, 0.0, 74.6847
919.0, 621.0, 22.0, 0.0, 74.941
895.0, 1018.0, 19.0, 0.0, 75.0845
162.0, 868.0, 0.0, 0.0, 75.1058
667.0, 211.0, 11.0, 0.0, 75.2143
975.0, 415.0, 14.0, 0.0, 75.4575
960.0, 447.0, 15.0, 0.0, 75.5386
217.0, 812.0, 4.0, 0.0, 75.7835
540.0, 61.0, 19.0, 0.0, 75.8514
983.0, 426.0, 18.0, 0.0, 75.8965
360.0, 272.0, 19.0, 0.0, 75.9323
817.0, 138.0, 19.0, 0.0, 75.934
502.0, 103.0, 12.0, 0.0, 76.0509
302.0, 191.0, 19.0, 0.0, 76.235
937.0, 403.0, 21.0, 0.0, 76.3003
928.0, 487.0, 22.0, 0.0, 76.3209
858.0, 878.0, 0.0, 0.0, 76.5328
959.0, 505.0, 14.0, 0.0, 76.5634
553.0, 113.0, 13.0, 0.0, 77.1267
581.0, 72.0, 6.0, 0.0, 77.3109
659.0, 78.0, 0.0, 0.0, 77.3764
566.0, 23.0, 6.0, 0.0, 77.685
760.0, 57.0, 9.0, 0.0, 77.764
545.0, 78.0, 0.0, 0.0, 77.8649
278.0, 231.0, 15.0, 0.0, 78.1662
770.0, 999.0, 8.0, 0.0, 78.2612
769.0, 121.0, 19.0, 0.0, 78.3573
592.0, 73.0, 15.0, 0.0, 78.4419
288.0, 273.0, 20.0, 0.0, 78.4933
983.0, 1019.0, 8.0, 0.0, 79.2791
256.0, 301.0, 17.0, 0.0, 79.2823
639.0, 1028.0, 13.0, 0.0, 80.1907
894.0, 908.0, 4.0, 0.0, 80.5601
897.0, 914.0, 0.0, 0.0, 80.5985
543.0, 107.0, 4.0, 0.0, 80.6012
651.0, 994.0, 10.0, 0.0, 80.9535
989.0, 626.0, 20.0, 0.0, 81.3821
676.0, 178.0, 14.0, 0.0, 81.3929
901.0, 1027.0, 8.0, 0.0, 81.4549
532.0, 56.0, 6.0, 0.0, 81.5997
143.0, 807.0, 0.0, 0.0, 81.8006
597.0, 38.0, 0.0, 0.0, 81.9159
602.0, 67.0, 6.0, 0.0, 82.0426
1024.0, 0.0, 0.0, 0.0, 82.1963
821.0, 238.0, 14.0, 0.0, 82.3386
851.0, 934.0, 7.0, 0.0, 82.775
780.0, 972.0, 0.0, 0.0, 82.99
694.0, 1023.0, 13.0, 0.0, 83.0725
955.0, 865.0, 4.0, 0.0, 83.572
981.0, 592.0, 16.0, 0.0, 83.6084
1028.0, 637.0, 16.0, 0.0, 83.719
997.0, 536.0, 17.0, 0.0, 83.8308
1055.0, 884.0, 0.0, 0.0, 84.79
1029.0, 1012.0, 14.0, 0.0, 85.2891
985.0, 910.0, 6.0, 0.0, 85.3454
748.0, 44.0, 3.0, 0.0, 85.632
962.0, 823.0, 0.0, 0.0, 85.7017
938.0, 887.0, 3.0, 0.0, 85.9615
879.0, 1002.0, 7.0, 0.0, 86.0113
940.0, 923.0, 5.0, 0.0, 86.3594
761.0, 153.0, 15.0, 0.0, 86.4583
941.0, 1008.0, 5.0, 0.0, 86.6605
637.0, 63.0, 4.0, 0.0, 86.9097
1032.0, 997.0, 4.0, 0.0, 86.9815
807.0, 1009.0, 2.0, 0.0, 86.9869
874.0, 533.0, 17.0, 0.0, 87.4801
603.0, 116.0, 8.0, 0.0, 87.4968
819.0, 905.0, 4.0, 0.0, 88.1768
800.0, 930.0, 3.0, 0.0, 88.4741
771.0, 1018.0, 0.0, 0.0, 88.5797
1009.0, 960.0, 0.0, 0.0, 89.0924
653.0, 29.0, 0.0, 0.0, 89.5
1029.0, 917.0, 2.0, 0.0, 90.429
1011.0, 861.0, 5.0, 0.0, 91.0619
960.0, 561.0, 18.0, 0.0, 91.0993
695.0, 56.0, 11.0, 0.0, 91.4542
959.0, 961.0, 2.0, 0.0, 91.8267
606.0, 101.0, 0.0, 0.0, 92.4475
839.0, 990.0, 0.0, 0.0, 93.936
858.0, 951.0, 0.0, 0.0, 94.4039
1041.0, 824.0, 0.0, 0.0, 94.5714
1006.0, 1036.0, 0.0, 0.0, 94.9237
990.0, 880.0, 0.0, 0.0, 95.1837
872.0, 1055.0, 0.0, 0.0, 97.9447
901.0, 1022.0, 0.0, 0.0, 100.0
